algo,avg_CT,avg_SS,avg_RS,lm_dists_CT
BidiAstar,0.000336,38.9,57.56,0
ALT,0.00016,16.83,25.6,0.06955949999974109
Dijkstra,0.0003047,72.07,89.77,0
BidiALT,0.0002094,18.0,31.53,0.06955949999974109
A*,0.0004885,71.49,89.15,0
BidiDijkstra,0.0002194,39.32,58.06,0
