algo,avg_CT,avg_SS,avg_RS,lm_dists_CT
BidiDijkstra,0.0002684,34.0,51.2,0
BidiALT,0.0002825,16.0,27.8,0.2299633000002359
Dijkstra,0.0004386,65.0,81.6,0
ALT,0.000212,14.3,22.7,0.2299633000002359
A*,0.0006718,64.6,81.4,0
BidiAstar,0.0004429,33.6,50.6,0
