algo,avg_CT,avg_SS,avg_RS,lm_dists_CT
BidiAstar,0.0063652,364.22,429.76,0
ALT,0.001677,130.5,161.24,0.43136690000028466
Dijkstra,0.0023308,620.64,684.0,0
BidiALT,0.0015047,88.64,117.26,0.43136690000028466
A*,0.006993,617.4,680.34,0
BidiDijkstra,0.0030887,366.54,432.28,0
