algo,avg_CT,avg_SS,avg_RS,lm_dists_CT
BidiDijkstra,0.0016509,369.4,434.2,0
BidiALT,0.0008745,82.6,108.3,0.46833369999967545
Dijkstra,0.0024508,604.7,667.0,0
ALT,0.0025171,127.1,156.0,0.46833369999967545
A*,0.0045387,601.2,663.2,0
BidiAstar,0.0031835,365.4,430.3,0
