algo,avg_CT,avg_SS,avg_RS,lm_dists_CT
Dijkstra,0.00201,517.62,576.05,0
BidiDijkstra,0.002832,312.32,371.89,0
ALT,0.0025599,103.39,131.98,0.49659560000145575
A*,0.0069747,514.56,572.69,0
BidiAstar,0.0049556,310.06,369.27,0
BidiALT,0.001736,85.54,114.45,0.49659560000145575
