algo,avg_CT,avg_SS,avg_RS,lm_dists_CT
BidiAstar,0.1762982,1786.7,2156.13,0
ALT,0.0457161,519.95,636.93,2.1959172999995644
Dijkstra,0.1378138,2613.81,2990.52,0
BidiALT,0.0240261,266.4,365.41,2.1959172999995644
A*,0.2625943,2592.34,2966.36,0
BidiDijkstra,0.1816277,1808.6,2181.51,0
