algo,avg_CT,avg_SS,avg_RS,lm_dists_CT
BidiDijkstra,0.0193909,1338.0,1625.3,0
BidiALT,0.0155402,224.0,312.2,2.4387392999997246
Dijkstra,0.0363773,2081.6,2379.6,0
ALT,0.0100853,325.2,429.4,2.4387392999997246
A*,0.0523311,2063.1,2359.3,0
BidiAstar,0.0352922,1317.8,1602.4,0
