algo,avg_CT,avg_SS,avg_RS,lm_dists_CT
BidiAstar,2.4003145,6165.22,7220.08,0
ALT,1.3444679,2517.89,2874.22,16.222330499997042
Dijkstra,3.3372632,13327.36,14892.09,0
BidiALT,0.5928446,1701.94,2052.15,16.222330499997042
A*,5.4178021,13136.27,14683.58,0
BidiDijkstra,1.8622166,6272.58,7342.45,0
