algo,avg_CT,avg_SS,avg_RS,lm_dists_CT
BidiDijkstra,0.2232673,6303.4,7395.4,0
BidiALT,0.0396873,1338.0,1647.9,13.923357200000282
Dijkstra,0.3700158,11672.2,13043.8,0
ALT,0.0749155,1780.1,2071.4,13.923357200000282
A*,0.6507891,11549.3,12911.0,0
BidiAstar,0.2290258,6193.6,7264.5,0
