algo,avg_CT,avg_SS,avg_RS,lm_dists_CT
Dijkstra,3.3851728,14289.36,15950.22,0
BidiDijkstra,2.0838098,7120.34,8315.16,0
ALT,0.9171176,1934.06,2246.78,28.24869939999917
A*,5.6907281,14106.93,15746.46,0
BidiAstar,2.6201538,7004.72,8183.92,0
BidiALT,0.5344917,1159.86,1429.87,28.24869939999917
