algo,avg_CT,avg_SS,avg_RS,lm_dists_CT
BidiDijkstra,2.4634669,55075.2,62300.0,0
BidiALT,0.99393,16485.8,18543.8,144.31854440000006
Dijkstra,6.9649239,117370.3,128595.7,0
ALT,1.4557858,15451.1,17035.6,144.31854440000006
A*,9.9992344,114106.1,125034.7,0
BidiAstar,3.126105,53532.4,60554.5,0
