algo,avg_CT,avg_SS,avg_RS,lm_dists_CT
BidiAstar,35.8573916,59910.12,67664.97,0
ALT,15.7073502,16143.68,17660.18,141.52315850000014
Dijkstra,73.4439233,121383.67,132945.78,0
BidiALT,8.3787167,14017.2,15739.75,141.52315850000014
A*,103.1655976,119038.07,130376.3,0
BidiDijkstra,33.480778,61651.04,69619.07,0
