algo,avg_CT,avg_SS,avg_RS,lm_dists_CT
BidiAstar,67.6557154,107888.54,122033.18,0
ALT,29.9530825,31800.29,34596.56,288.94842009999775
Dijkstra,134.3158475,212867.99,233713.07,0
BidiALT,11.274269,20503.92,22873.12,288.94842009999775
A*,203.6537033,208321.84,228730.8,0
BidiDijkstra,62.6139705,111388.24,125958.99,0
