algo,avg_CT,avg_SS,avg_RS,lm_dists_CT
BidiDijkstra,6.29174,115906.8,131129.1,0
BidiALT,0.8263641,15624.4,17453.7,308.48186329999953
Dijkstra,14.6630325,212803.0,233510.4,0
ALT,2.7859035,22575.3,24720.0,308.48186329999953
A*,19.638452,209821.1,230259.4,0
BidiAstar,7.7958722,112158.4,126898.5,0
