algo,avg_CT,avg_SS,avg_RS,lm_dists_CT
Dijkstra,165.6776649,224280.42,245973.72,0
BidiDijkstra,69.1696847,120373.9,136038.46,0
ALT,20.5999086,21921.14,24034.15,680.9352959999997
A*,220.4303816,219697.53,240957.54,0
BidiAstar,71.6520372,116832.98,132060.6,0
BidiALT,8.2540101,15080.3,16996.63,680.9352959999997
