{
    "5_Belgique_centre": {
        "nb_nodes": 213888,
        "avg_deg": 2.18,
        "stats": [
            "planar",
            16,
            340.9340833000024
        ],
        "nb_edges": 466262
    },
    "4_Bruxelles_Capitale": {
        "nb_nodes": 25448,
        "avg_deg": 2.14,
        "stats": [
            "planar",
            16,
            21.736931699997513
        ],
        "nb_edges": 54392
    },
    "6_Belgique": {
        "nb_nodes": 395301,
        "avg_deg": 2.21,
        "stats": [
            "planar",
            16,
            806.0870050000012
        ],
        "nb_edges": 871716
    },
    "3_Bruxelles_Capitale_centre": {
        "nb_nodes": 4755,
        "avg_deg": 2.08,
        "stats": [
            "planar",
            16,
            2.770203100000799
        ],
        "nb_edges": 9892
    },
    "2_Bruxelles": {
        "nb_nodes": 1115,
        "avg_deg": 1.76,
        "stats": [
            "planar",
            16,
            0.4986969000019599
        ],
        "nb_edges": 1960
    },
    "1_ULB": {
        "nb_nodes": 149,
        "avg_deg": 2.34,
        "stats": [
            "planar",
            16,
            0.047208199997839984
        ],
        "nb_edges": 349
    }
}