{
    "2_Bruxelles": {
        "nb_nodes": 1115,
        "avg_deg": 1.76,
        "stats": [
            "planar",
            16,
            20.717061100003775
        ],
        "nb_edges": 1960
    },
    "1_ULB": {
        "nb_nodes": 149,
        "avg_deg": 2.34,
        "stats": [
            "planar",
            16,
            0.4988106000018888
        ],
        "nb_edges": 349
    }
}