{
    "2_Bruxelles": {
        "stats": [
            "planar",
            16,
            21.629769999999553
        ],
        "avg_deg": 1.76,
        "nb_nodes": 1115,
        "nb_edges": 1960
    },
    "1_ULB": {
        "stats": [
            "planar",
            16,
            0.6715129999975034
        ],
        "avg_deg": 2.34,
        "nb_nodes": 149,
        "nb_edges": 349
    }
}