algo,avg_QT,avg_SS,avg_RS,lm_dists_CT,nb_villo_stations
ALT,0.004105,237.75,292.84,0.9372417999984464,113
Dijkstra,0.007566,1067.87,1236.68,0,113
