algo,avg_QT,avg_SS,avg_RS,lm_dists_CT,nb_villo_stations
ALT,0.083457,763.56,957.72,5.656156199998804,262
Dijkstra,0.235191,4997.5,5903.31,0,262
