algo,avg_QT,avg_SS,avg_RS,lm_dists_CT,nb_villo_stations
Dijkstra,8.957908,29075.96,32718.92,0,355
ALT,2.362309,3743.66,4357.48,51.65528350000022,355
