algo,avg_QT,avg_SS,avg_RS,lm_dists_CT,nb_villo_stations
ALT,1.523872,2962.79,3476.15,52.46615880000172,355
Dijkstra,8.055579,28334.11,31896.73,0,355
