algo,avg_QT,avg_SS,avg_RS,lm_dists_CT,nb_villo_stations
Dijkstra,172.69441,224905.83,246152.38,0,355
ALT,46.47786,37607.54,40566.81,842.4415187999984,355
