algo,avg_QT,avg_SS,avg_RS,lm_dists_CT,nb_villo_stations
ALT,63.52819,38108.06,41166.48,979.1783296999965,355
Dijkstra,238.872687,236814.79,259120.37,0,355
