heuristic,avg_CT,avg_SS,avg_RS
manhattan,0.106796,2822,3225
euclidean,0.035123,2471,2829
octile,0.069423,2635,3017
