heuristic,avg_CT,avg_SS,avg_RS
manhattan,5.288687,14655,16347
euclidean,1.723297,13751,15354
octile,1.830234,12428,13883
