heuristic,avg_CT,avg_SS,avg_RS
manhattan,97.254997,117640,128838
euclidean,66.038448,103053,112968
octile,103.136242,123441,135194
