heuristic,avg_CT,avg_SS,avg_RS
manhattan,154.673335,205196,225141
euclidean,131.725693,202425,222215
octile,139.138559,201588,221186
