landmark_selection,avg_CT,avg_SS,avg_RS,lm_dists_CT
random,0.000148,19,29,0.043067700000392506
planar,0.000151,17,26,0.05481340000187629
farthest,0.000135,15,24,0.0791763000015635
