landmark_selection,avg_CT,avg_SS,avg_RS,lm_dists_CT
random,0.000155,18,27,0.03963389999989886
farthest,0.000477,14,22,0.11629410000000462
planar,0.000201,14,22,0.10125710000011168
