landmark_selection,avg_CT,avg_SS,avg_RS,lm_dists_CT
planar,0.000184,11,17,0.1387642000008782
farthest,0.000135,10,16,0.08610380000027362
random,0.000471,23,34,0.05941499999971711
