landmark_selection,avg_CT,avg_SS,avg_rel,lm_dists_CT
random,0.000103,10,17,0.6103190000000001
farthest,0.000127,13,21,0.8074570000000003
planar,0.000147,13,23,0.6986033000000003
