landmark_selection,avg_CT,avg_SS,avg_rel,lm_dists_CT
random,26,0.275828999998339,0.000132,17
farthest,26,0.5690650000033202,0.000127,17
planar,25,0.5808761999942362,0.000145,16
