landmark_selection,avg_CT,avg_SS,avg_rel,lm_dists_CT
random,165,15.602760000001581,0.001072,135
farthest,166,22.982306799996877,0.000997,135
planar,170,19.855713500001002,0.0009,139
