landmark_selection,avg_CT,avg_SS,avg_rel,lm_dists_CT
random,0.002532,118,152,36.49766219999999
farthest,0.001387,89,114,43.7068145
planar,0.001927,151,181,36.3084748
