landmark_selection,avg_CT,avg_SS,avg_RS,lm_dists_CT
planar,0.001366,113,141,0.6102635000006558
random,0.001224,118,147,0.34970719999910216
farthest,0.001472,117,145,0.6705307999982324
