landmark_selection,avg_CT,avg_SS,avg_RS,lm_dists_CT
random,0.001512,177,213,0.27101670000047307
planar,0.000996,131,160,0.514416900001379
farthest,0.00093,130,159,0.4347118000005139
