landmark_selection,avg_CT,avg_SS,avg_RS,lm_dists_CT
random,0.001176,124,154,0.28771789999996145
farthest,0.001075,129,160,0.543514899999991
planar,0.001072,132,161,0.4876942999999301
