landmark_selection,avg_CT,avg_SS,avg_RS,lm_dists_CT
planar,0.00164,125,157,0.6294715000003634
farthest,0.001878,199,247,0.66229199999907
random,0.001329,118,145,0.3593657000001258
