landmark_selection,avg_CT,avg_SS,avg_RS,lm_dists_CT
random,0.004594,411,514,1.3948281000000406
farthest,0.003325,329,428,2.1330067000001236
planar,0.003473,352,448,2.3803265999999894
