landmark_selection,avg_CT,avg_SS,avg_RS,lm_dists_CT
planar,0.008625,509,635,3.2679650000009133
farthest,0.003722,333,416,3.079534099999364
random,0.006083,337,418,1.7212013999996998
