landmark_selection,avg_CT,avg_SS,avg_RS,lm_dists_CT
random,0.004066,448,564,1.38437630000044
planar,0.00356,401,500,2.375189300000784
farthest,0.003528,392,490,2.386075399997935
