landmark_selection,avg_CT,avg_SS,avg_RS,lm_dists_CT
planar,0.0372,2019,2328,29.90906879999966
farthest,0.026942,1514,1755,19.186338499999692
random,0.063291,3559,3984,13.119305000000168
