landmark_selection,avg_CT,avg_SS,avg_RS,lm_dists_CT
random,0.023335,1400,1689,10.112919500000089
farthest,0.100605,3393,3844,17.042964200000142
planar,0.054425,2660,3043,22.939689199999975
