landmark_selection,avg_CT,avg_SS,avg_RS,lm_dists_CT
random,0.029444,1187,1405,9.57081029999972
planar,0.043205,1785,2073,44.3300390000004
farthest,0.099875,2437,2811,15.295534199998656
