landmark_selection,avg_CT,avg_SS,avg_RS,lm_dists_CT
random,0.419867,8269,9111,99.26653499999998
farthest,0.505076,11637,12743,149.7690015999999
planar,0.35818,9736,10657,349.57253519999995
