landmark_selection,avg_CT,avg_SS,avg_RS,lm_dists_CT
random,1.672465,10169,11188,99.45615650000036
planar,1.71745,10636,11796,326.2971483000001
farthest,4.643269,17067,18626,138.26684670000031
