landmark_selection,avg_CT,avg_SS,avg_RS,lm_dists_CT
planar,0.596718,12380,13614,393.1378713999984
farthest,1.245026,18962,20668,153.85292239999944
random,0.169816,6370,7020,98.98503449999953
