landmark_selection,avg_CT,avg_SS,avg_RS,lm_dists_CT
random,1.223787,13520,14804,192.95984039999985
farthest,0.589957,11007,12125,278.24560109999993
planar,0.268383,8181,9057,693.5539627999997
