landmark_selection,avg_CT,avg_SS,avg_RS,lm_dists_CT
random,3.36645,18515,20239,187.7272284999999
planar,3.292242,21281,23404,638.7804125999974
farthest,5.147392,27966,30356,266.45828470000197
