landmark_selection,avg_CT,avg_SS,avg_RS,lm_dists_CT
planar,1.244254,16709,18476,796.1514494999992
farthest,1.344506,25761,27855,352.9361659999995
random,0.792224,9804,11001,236.90540150000015
