{
    "2_Bruxelles": {
        "nb_nodes": 1115,
        "nb_edges": 1960,
        "stats": {
            "random": {
                "lm_dists_CT": 0.27101670000047307,
                "avg_RS": 213,
                "avg_SS": 177,
                "avg_CT": 0.001512
            },
            "planar": {
                "lm_dists_CT": 0.514416900001379,
                "avg_RS": 160,
                "avg_SS": 131,
                "avg_CT": 0.000996
            },
            "farthest": {
                "lm_dists_CT": 0.4347118000005139,
                "avg_RS": 159,
                "avg_SS": 130,
                "avg_CT": 0.00093
            }
        },
        "avg_deg": 1.76
    },
    "1_ULB": {
        "nb_nodes": 149,
        "nb_edges": 349,
        "stats": {
            "random": {
                "lm_dists_CT": 0.043067700000392506,
                "avg_RS": 29,
                "avg_SS": 19,
                "avg_CT": 0.000148
            },
            "planar": {
                "lm_dists_CT": 0.05481340000187629,
                "avg_RS": 26,
                "avg_SS": 17,
                "avg_CT": 0.000151
            },
            "farthest": {
                "lm_dists_CT": 0.0791763000015635,
                "avg_RS": 24,
                "avg_SS": 15,
                "avg_CT": 0.000135
            }
        },
        "avg_deg": 2.34
    },
    "3_Bruxelles_Capitale_centre": {
        "nb_nodes": 4755,
        "nb_edges": 9892,
        "stats": {
            "random": {
                "lm_dists_CT": 1.38437630000044,
                "avg_RS": 564,
                "avg_SS": 448,
                "avg_CT": 0.004066
            },
            "planar": {
                "lm_dists_CT": 2.375189300000784,
                "avg_RS": 500,
                "avg_SS": 401,
                "avg_CT": 0.00356
            },
            "farthest": {
                "lm_dists_CT": 2.386075399997935,
                "avg_RS": 490,
                "avg_SS": 392,
                "avg_CT": 0.003528
            }
        },
        "avg_deg": 2.08
    },
    "4_Bruxelles_Capitale": {
        "nb_nodes": 25448,
        "nb_edges": 54392,
        "stats": {
            "random": {
                "lm_dists_CT": 9.57081029999972,
                "avg_RS": 1405,
                "avg_SS": 1187,
                "avg_CT": 0.029444
            },
            "planar": {
                "lm_dists_CT": 44.3300390000004,
                "avg_RS": 2073,
                "avg_SS": 1785,
                "avg_CT": 0.043205
            },
            "farthest": {
                "lm_dists_CT": 15.295534199998656,
                "avg_RS": 2811,
                "avg_SS": 2437,
                "avg_CT": 0.099875
            }
        },
        "avg_deg": 2.14
    },
    "5_Belgique_centre": {
        "nb_nodes": 213888,
        "nb_edges": 466262,
        "stats": {
            "random": {
                "lm_dists_CT": 99.45615650000036,
                "avg_RS": 11188,
                "avg_SS": 10169,
                "avg_CT": 1.672465
            },
            "planar": {
                "lm_dists_CT": 326.2971483000001,
                "avg_RS": 11796,
                "avg_SS": 10636,
                "avg_CT": 1.71745
            },
            "farthest": {
                "lm_dists_CT": 138.26684670000031,
                "avg_RS": 18626,
                "avg_SS": 17067,
                "avg_CT": 4.643269
            }
        },
        "avg_deg": 2.18
    },
    "6_Belgique": {
        "nb_nodes": 395301,
        "nb_edges": 871716,
        "stats": {
            "random": {
                "lm_dists_CT": 187.7272284999999,
                "avg_RS": 20239,
                "avg_SS": 18515,
                "avg_CT": 3.36645
            },
            "planar": {
                "lm_dists_CT": 638.7804125999974,
                "avg_RS": 23404,
                "avg_SS": 21281,
                "avg_CT": 3.292242
            },
            "farthest": {
                "lm_dists_CT": 266.45828470000197,
                "avg_RS": 30356,
                "avg_SS": 27966,
                "avg_CT": 5.147392
            }
        },
        "avg_deg": 2.21
    }
}