algo,avg_CT,avg_SS,avg_rel,lm_dists_CT
Dijkstra,0.0003288,78.4,97.0,0
A*,0.0005299,77.7,96.4,0
ALT,0.000177,14.8,24.1,0.6914542999999997
BidiDijkstra,0.0002677,50.6,71.6,0
BidiAstar,0.0005727,50.6,71.6,0
BidiALT,0.0002531,17.2,29.9,0.6914542999999997
