algo,avg_CT,avg_SS,avg_rel,lm_dists_CT
Dijkstra,0.0005,89.9,112.8,0
A*,0.000699,89.2,112.3,0
ALT,0.0003,23.6,35.1,0.660985
BidiDijkstra,0.0004,63.4,89.0,0
BidiAstar,0.0007,62.6,88.2,0
BidiALT,0.000401,21.2,36.6,0.660985
