algo,avg_CT,avg_SS,avg_rel,lm_dists_CT
Dijkstra,0.000603,109.2,129.8,0
A*,0.000898,108.9,129.6,0
ALT,0.00015,12.7,21.4,0.84045
BidiDijkstra,0.000299,59.2,87.0,0
BidiAstar,0.000602,58.4,86.0,0
BidiALT,0.000375,19.8,35.5,0.84045
