algo,avg_CT,avg_SS,avg_rel,lm_dists_CT
Dijkstra,0.0007975,108.6,129.1,0
A*,0.0016846,108.4,128.7,0
ALT,0.0006634,27.9,40.7,0.7057044000000019
BidiDijkstra,0.0007917,74.0,103.7,0
BidiAstar,0.0012942,73.2,103.2,0
BidiALT,0.0005019,22.0,36.9,0.7057044000000019
