algo,avg_CT,avg_SS,avg_rel,lm_dists_CT
ALT,25.85,0.5910092999984045,0.000133,16.62
BidiALT,33.55,0.5910092999984045,0.0001704,19.44
A*,101.03,0,0.0004738,82.08
BidiAstar,68.09,0,0.0003589,47.2
Dijkstra,101.66,0,0.0002668,82.71
BidiDijkstra,68.75,0,0.000199,47.74
