algo,avg_CT,avg_SS,avg_rel,lm_dists_CT
Dijkstra,0.005395,600.0,664.4,0
A*,0.005201,595.8,659.7,0
ALT,0.001105,111.2,140.6,35.841208
BidiDijkstra,0.001699,334.4,393.6,0
BidiAstar,0.0024,332.2,391.7,0
BidiALT,0.0011,97.8,132.1,35.841208
