algo,avg_CT,avg_SS,avg_rel,lm_dists_CT
ALT,156.76,23.9857966999989,0.000968,127.35
BidiALT,120.99,23.9857966999989,0.0007497,91.16
A*,630.57,0,0.0034012,569.58
BidiAstar,401.48,0,0.0023994,338.33
Dijkstra,634.39,0,0.0020885,573.09
BidiDijkstra,404.18,0,0.0015146,340.77
