algo,avg_CT,avg_SS,avg_rel,lm_dists_CT
Dijkstra,0.00315,487.8,546.8,0
A*,0.006075,484.5,542.8,0
ALT,0.001349,85.2,108.5,38.365816
BidiDijkstra,0.002251,247.6,295.9,0
BidiAstar,0.003675,244.8,292.7,0
BidiALT,0.00135,63.6,87.3,38.365816
