algo,avg_CT,avg_SS,avg_rel,lm_dists_CT
Dijkstra,0.0021812,441.5,497.0,0
A*,0.0043117,438.6,493.9,0
ALT,0.0023245,190.2,219.9,33.592598
BidiDijkstra,0.0012973,229.0,277.3,0
BidiAstar,0.0022388,228.0,276.2,0
BidiALT,0.0010669,92.4,121.0,33.592598
