algo,avg_CT,avg_SS,avg_rel,lm_dists_CT
Dijkstra,0.0031897,476.3,533.4,0
A*,0.0046623,473.0,528.8,0
ALT,0.0007568,53.9,75.3,38.20675970000002
BidiDijkstra,0.0017355,266.6,317.4,0
BidiAstar,0.0029475,265.2,315.4,0
BidiALT,0.0010255,70.0,96.6,38.20675970000002
