algo,avg_CT,avg_SS,avg_rel,lm_dists_CT
Dijkstra,0.001902,607.1,672.8,0
A*,0.0031,601.8,667.8,0
ALT,0.0014,202.3,239.5,21.160012
BidiDijkstra,0.0035,379.8,451.0,0
BidiAstar,0.002198,375.4,446.5,0
BidiALT,0.000998,122.2,161.4,21.160012
