algo,avg_CT,avg_SS,avg_rel,lm_dists_CT
Dijkstra,0.0053239,1687,1837,0
ALT,0.0021071,287,377,21.273595500000283
BidiALT,0.0025764,232,306,21.273595500000283
A*,0.008408,1677,1829,0
BidiDijkstra,0.0041528,908,1083,0
BidiAstar,0.0071647,904,1079,0
