{
    "3_Bruxelles_Capitale_centre": {
        "stats": [
            "farthest",
            16,
            2.415050600000086
        ],
        "nb_nodes": 4755,
        "nb_edges": 9892,
        "avg_deg": 2.08
    },
    "6_Belgique": {
        "stats": [
            "farthest",
            16,
            294.1131706000001
        ],
        "nb_nodes": 395301,
        "nb_edges": 871716,
        "avg_deg": 2.21
    },
    "1_ULB": {
        "stats": [
            "farthest",
            16,
            0.12388559999999416
        ],
        "nb_nodes": 149,
        "nb_edges": 349,
        "avg_deg": 2.34
    },
    "5_Belgique_centre": {
        "stats": [
            "farthest",
            16,
            156.99647890000006
        ],
        "nb_nodes": 213888,
        "nb_edges": 466262,
        "avg_deg": 2.18
    },
    "2_Bruxelles": {
        "stats": [
            "farthest",
            16,
            0.5300972000000002
        ],
        "nb_nodes": 1115,
        "nb_edges": 1960,
        "avg_deg": 1.76
    },
    "4_Bruxelles_Capitale": {
        "stats": [
            "farthest",
            16,
            15.61467090000042
        ],
        "nb_nodes": 25448,
        "nb_edges": 54392,
        "avg_deg": 2.14
    }
}