priority,avg_CT,avg_SS,avg_RS
bin,0.000285,79,98
fib,0.000982,82,101
list,0.000305,81,99
