priority,avg_CT,avg_SS,avg_rel
bin,0.000221,88,108
fib,0.001026,84,103
list,0.000298,87,107
