priority,avg_CT,avg_SS,avg_rel
list,100,0.000284,81
fib,99,0.000896,80
bin,100,0.000227,81
