priority,avg_CT,avg_SS,avg_rel
bin,0.000525,81,100
fib,0.001125,76,94
list,0.000755,101,124
