priority,avg_CT,avg_SS,avg_rel
bin,0.001699,652,721
fib,0.008001,615,680
list,0.002901,664,728
