priority,avg_CT,avg_SS,avg_rel
bin,0.001771,599,664
fib,0.006987,479,535
list,0.003023,591,656
