priority,avg_CT,avg_SS,avg_RS
fib,0.011576,578,639
bin,0.001999,578,639
list,0.003041,578,639
