priority,avg_CT,avg_SS,avg_rel
bin,0.004499,500,553
fib,0.024825,659,726
list,0.003375,429,486
