priority,avg_CT,avg_SS,avg_rel
fib,0.007241,425,477
bin,0.001939,571,633
list,0.003995,496,540
