priority,avg_CT,avg_SS,avg_rel
bin,0.004294,431,484
fib,0.012083,484,540
list,0.003895,476,527
