priority,avg_CT,avg_SS,avg_rel
fib,571,632,0.013388
bin,577,638,0.002316
list,584,646,0.003181
