priority,avg_CT,avg_SS,avg_RS
bin,0.002113,564,625
fib,0.012825,541,599
list,0.002961,555,615
