priority,avg_CT,avg_SS,avg_rel
bin,0.004125,608,670
fib,0.015076,447,502
list,0.006825,427,477
