priority,avg_CT,avg_SS,avg_rel
list,644,0.002863,582
fib,632,0.008333,571
bin,636,0.00161,575
