priority,avg_CT,avg_SS,avg_rel
bin,0.002425,612,675
fib,0.021657,586,648
list,0.003133,537,597
