priority,avg_CT,avg_SS,avg_RS
fib,0.049401,482,532
list,0.004918,604,664
bin,0.001885,479,540
