priority,avg_CT,avg_SS,avg_RS
bin,0.002382,571,633
fib,0.023259,571,633
list,0.005141,571,633
