priority,avg_CT,avg_SS,avg_rel
fib,0.183053,2230,2566
bin,0.032073,2714,3098
list,0.042046,2801,3201
