priority,avg_CT,avg_SS,avg_RS
bin,0.020645,2522,2888
fib,0.383189,2628,3008
list,0.0644,2731,3116
