priority,avg_CT,avg_SS,avg_RS
bin,0.019215,2072,2382
fib,0.130396,2072,2382
list,0.089759,2072,2382
