priority,avg_CT,avg_SS,avg_rel
bin,0.02935,2651,3031
fib,0.432084,2444,2799
list,0.074033,2453,2808
