priority,avg_CT,avg_SS,avg_rel
fib,2553,2922,0.370648
bin,2516,2880,0.021539
list,2544,2912,0.070215
