priority,avg_CT,avg_SS,avg_RS
fib,0.238992,2770,3138
list,0.090692,2466,2825
bin,0.021293,2432,2799
