priority,avg_CT,avg_SS,avg_RS
fib,3.174848,13562,15162
list,1.709275,14618,16327
bin,0.279777,13486,15119
