priority,avg_CT,avg_SS,avg_rel
bin,0.691272,12969,14478
fib,17.00464,12647,14132
list,6.386663,13132,14664
