priority,avg_CT,avg_SS,avg_RS
fib,18.599644,13884,15498
bin,0.824032,13884,15498
list,5.542912,13884,15498
