priority,avg_CT,avg_SS,avg_RS
bin,0.243485,10292,11496
fib,1.775084,10292,11496
list,0.730891,10292,11496
