priority,avg_CT,avg_SS,avg_rel
fib,13557,15135,41.738395
bin,13595,15175,1.276918
list,13314,14871,10.369341
