priority,avg_CT,avg_SS,avg_RS
bin,1.066585,15466,17238
fib,18.198546,14397,16056
list,4.623516,12573,14047
