priority,avg_CT,avg_SS,avg_rel
bin,15002,13431,0.102369
fib,15680,14052,0.555127
list,14827,13275,0.230805
