priority,avg_CT,avg_SS,avg_rel
fib,3.307026,14341,16028
bin,0.509606,14228,15870
list,0.851651,11209,12537
