priority,avg_CT,avg_SS,avg_RS
bin,43.454575,111761,122438
fib,434.26234,105865,116047
list,402.883675,112444,123182
