priority,avg_CT,avg_SS,avg_rel
fib,38.762112,110285,120897
bin,8.479165,131347,143849
list,45.114,131782,144292
