priority,avg_CT,avg_SS,avg_RS
bin,5.3286,122703,134389
fib,47.543865,122703,134389
list,39.548698,122703,134389
