priority,avg_CT,avg_SS,avg_rel
bin,0.543808,102973,112642
list,18.704161,206832,225776
fib,10.668585,98094,107820
