priority,avg_CT,avg_SS,avg_RS
fib,69.2429,135143,148174
list,27.166308,99126,108674
bin,5.123147,99321,108930
