priority,avg_CT,avg_SS,avg_RS
fib,46.656487,150035,164847
list,153.255164,236414,259599
bin,11.417814,242758,266488
