priority,avg_CT,avg_SS,avg_RS
bin,82.851343,208477,228760
fib,1108.819009,208193,228506
list,973.904846,194642,213707
