priority,avg_CT,avg_SS,avg_rel
bin,1.017572,137964,151578
list,6.503426,117282,129572
fib,30.16601,279662,306775
