priority,avg_CT,avg_SS,avg_rel
fib,42.428406,139756,153364
bin,8.018269,157526,173166
list,126.958168,220090,241648
