priority,avg_CT,avg_SS,avg_RS
bin,11.356726,212627,233318
fib,104.168213,212627,233318
list,99.559761,212627,233318
