{
    "6_Belgique": {
        "nb_edges": 871716,
        "avg_deg": 2.21,
        "nb_nodes": 395301,
        "stats": {
            "fib": {
                "avg_RS": 164847,
                "avg_SS": 150035,
                "avg_CT": 46.656487
            },
            "list": {
                "avg_RS": 259599,
                "avg_SS": 236414,
                "avg_CT": 153.255164
            },
            "bin": {
                "avg_RS": 266488,
                "avg_SS": 242758,
                "avg_CT": 11.417814
            }
        }
    },
    "1_ULB": {
        "nb_edges": 349,
        "avg_deg": 2.34,
        "nb_nodes": 149,
        "stats": {
            "fib": {
                "avg_RS": 101,
                "avg_SS": 83,
                "avg_CT": 0.001007
            },
            "list": {
                "avg_RS": 74,
                "avg_SS": 57,
                "avg_CT": 0.00021
            },
            "bin": {
                "avg_RS": 89,
                "avg_SS": 72,
                "avg_CT": 0.000205
            }
        }
    },
    "4_Bruxelles_Capitale": {
        "nb_edges": 54392,
        "avg_deg": 2.14,
        "nb_nodes": 25448,
        "stats": {
            "fib": {
                "avg_RS": 15162,
                "avg_SS": 13562,
                "avg_CT": 3.174848
            },
            "list": {
                "avg_RS": 16327,
                "avg_SS": 14618,
                "avg_CT": 1.709275
            },
            "bin": {
                "avg_RS": 15119,
                "avg_SS": 13486,
                "avg_CT": 0.279777
            }
        }
    },
    "5_Belgique_centre": {
        "nb_edges": 466262,
        "avg_deg": 2.18,
        "nb_nodes": 213888,
        "stats": {
            "fib": {
                "avg_RS": 148174,
                "avg_SS": 135143,
                "avg_CT": 69.2429
            },
            "list": {
                "avg_RS": 108674,
                "avg_SS": 99126,
                "avg_CT": 27.166308
            },
            "bin": {
                "avg_RS": 108930,
                "avg_SS": 99321,
                "avg_CT": 5.123147
            }
        }
    },
    "2_Bruxelles": {
        "nb_edges": 1960,
        "avg_deg": 1.76,
        "nb_nodes": 1115,
        "stats": {
            "fib": {
                "avg_RS": 532,
                "avg_SS": 482,
                "avg_CT": 0.049401
            },
            "list": {
                "avg_RS": 664,
                "avg_SS": 604,
                "avg_CT": 0.004918
            },
            "bin": {
                "avg_RS": 540,
                "avg_SS": 479,
                "avg_CT": 0.001885
            }
        }
    },
    "3_Bruxelles_Capitale_centre": {
        "nb_edges": 9892,
        "avg_deg": 2.08,
        "nb_nodes": 4755,
        "stats": {
            "fib": {
                "avg_RS": 3138,
                "avg_SS": 2770,
                "avg_CT": 0.238992
            },
            "list": {
                "avg_RS": 2825,
                "avg_SS": 2466,
                "avg_CT": 0.090692
            },
            "bin": {
                "avg_RS": 2799,
                "avg_SS": 2432,
                "avg_CT": 0.021293
            }
        }
    }
}