{
    "6_Belgique": {
        "nb_nodes": 395301,
        "nb_edges": 871716,
        "stats": {
            "fib": {
                "avg_SS": 139756,
                "avg_CT": 42.428406,
                "avg_rel": 153364
            },
            "bin": {
                "avg_SS": 157526,
                "avg_CT": 8.018269,
                "avg_rel": 173166
            },
            "list": {
                "avg_SS": 220090,
                "avg_CT": 126.958168,
                "avg_rel": 241648
            }
        },
        "avg_deg": 2.21
    },
    "2_Bruxelles": {
        "nb_nodes": 1115,
        "nb_edges": 1960,
        "stats": {
            "fib": {
                "avg_SS": 425,
                "avg_CT": 0.007241,
                "avg_rel": 477
            },
            "bin": {
                "avg_SS": 571,
                "avg_CT": 0.001939,
                "avg_rel": 633
            },
            "list": {
                "avg_SS": 496,
                "avg_CT": 0.003995,
                "avg_rel": 540
            }
        },
        "avg_deg": 1.76
    },
    "5_Belgique_centre": {
        "nb_nodes": 213888,
        "nb_edges": 466262,
        "stats": {
            "fib": {
                "avg_SS": 110285,
                "avg_CT": 38.762112,
                "avg_rel": 120897
            },
            "bin": {
                "avg_SS": 131347,
                "avg_CT": 8.479165,
                "avg_rel": 143849
            },
            "list": {
                "avg_SS": 131782,
                "avg_CT": 45.114,
                "avg_rel": 144292
            }
        },
        "avg_deg": 2.18
    },
    "4_Bruxelles_Capitale": {
        "nb_nodes": 25448,
        "nb_edges": 54392,
        "stats": {
            "fib": {
                "avg_SS": 14341,
                "avg_CT": 3.307026,
                "avg_rel": 16028
            },
            "bin": {
                "avg_SS": 14228,
                "avg_CT": 0.509606,
                "avg_rel": 15870
            },
            "list": {
                "avg_SS": 11209,
                "avg_CT": 0.851651,
                "avg_rel": 12537
            }
        },
        "avg_deg": 2.14
    },
    "3_Bruxelles_Capitale_centre": {
        "nb_nodes": 4755,
        "nb_edges": 9892,
        "stats": {
            "fib": {
                "avg_SS": 2230,
                "avg_CT": 0.183053,
                "avg_rel": 2566
            },
            "bin": {
                "avg_SS": 2714,
                "avg_CT": 0.032073,
                "avg_rel": 3098
            },
            "list": {
                "avg_SS": 2801,
                "avg_CT": 0.042046,
                "avg_rel": 3201
            }
        },
        "avg_deg": 2.08
    },
    "1_ULB": {
        "nb_nodes": 149,
        "nb_edges": 349,
        "stats": {
            "fib": {
                "avg_SS": 95,
                "avg_CT": 0.001156,
                "avg_rel": 113
            },
            "bin": {
                "avg_SS": 91,
                "avg_CT": 0.00027,
                "avg_rel": 110
            },
            "list": {
                "avg_SS": 71,
                "avg_CT": 0.000272,
                "avg_rel": 91
            }
        },
        "avg_deg": 2.34
    }
}