{
    "3_Bruxelles_Capitale_centre": {
        "stats": {
            "fib": {
                "avg_RS": 2889,
                "avg_QT": 0.444111,
                "avg_SS": 2524
            },
            "bin": {
                "avg_RS": 2889,
                "avg_QT": 0.018046,
                "avg_SS": 2524
            },
            "list": {
                "avg_RS": 2889,
                "avg_QT": 0.069997,
                "avg_SS": 2524
            }
        },
        "nb_edges": 9892,
        "avg_deg": 2.08,
        "nb_nodes": 4755
    },
    "2_Bruxelles": {
        "stats": {
            "fib": {
                "avg_RS": 639,
                "avg_QT": 0.011576,
                "avg_SS": 578
            },
            "bin": {
                "avg_RS": 639,
                "avg_QT": 0.001999,
                "avg_SS": 578
            },
            "list": {
                "avg_RS": 639,
                "avg_QT": 0.003041,
                "avg_SS": 578
            }
        },
        "nb_edges": 1960,
        "avg_deg": 1.76,
        "nb_nodes": 1115
    },
    "6_Belgique": {
        "stats": {
            "fib": {
                "avg_RS": 238574,
                "avg_QT": 1115.753716,
                "avg_SS": 217380
            },
            "bin": {
                "avg_RS": 238574,
                "avg_QT": 115.539912,
                "avg_SS": 217380
            },
            "list": {
                "avg_RS": 238574,
                "avg_QT": 1171.836331,
                "avg_SS": 217380
            }
        },
        "nb_edges": 871716,
        "avg_deg": 2.21,
        "nb_nodes": 395301
    },
    "5_Belgique_centre": {
        "stats": {
            "fib": {
                "avg_RS": 121868,
                "avg_QT": 455.481851,
                "avg_SS": 111252
            },
            "bin": {
                "avg_RS": 121868,
                "avg_QT": 37.968187,
                "avg_SS": 111252
            },
            "list": {
                "avg_RS": 121868,
                "avg_QT": 354.756178,
                "avg_SS": 111252
            }
        },
        "nb_edges": 466262,
        "avg_deg": 2.18,
        "nb_nodes": 213888
    },
    "1_ULB": {
        "stats": {
            "fib": {
                "avg_RS": 99,
                "avg_QT": 0.001064,
                "avg_SS": 80
            },
            "bin": {
                "avg_RS": 99,
                "avg_QT": 0.000265,
                "avg_SS": 80
            },
            "list": {
                "avg_RS": 99,
                "avg_QT": 0.000352,
                "avg_SS": 80
            }
        },
        "nb_edges": 349,
        "avg_deg": 2.34,
        "nb_nodes": 149
    },
    "4_Bruxelles_Capitale": {
        "stats": {
            "fib": {
                "avg_RS": 15498,
                "avg_QT": 18.599644,
                "avg_SS": 13884
            },
            "bin": {
                "avg_RS": 15498,
                "avg_QT": 0.824032,
                "avg_SS": 13884
            },
            "list": {
                "avg_RS": 15498,
                "avg_QT": 5.542912,
                "avg_SS": 13884
            }
        },
        "nb_edges": 54392,
        "avg_deg": 2.14,
        "nb_nodes": 25448
    }
}