heuristic,avg_CT,avg_SS,avg_RS
octile,195.924536,221136,242644
manhattan,248.761428,219812,241194
euclidean,204.557367,221204,242724
