landmark_selection,avg_CT,avg_SS,avg_RS,lm_dists_CT
planar,0.004164,329,417,3.201983200000541
random,0.004482,332,420,1.4877224000010756
farthest,0.00429,364,459,2.898622599999726
