landmark_selection,avg_CT,avg_SS,avg_RS,lm_dists_CT
planar,0.087009,1959,2301,56.141157800000656
random,0.112267,1844,2143,10.372410200001468
farthest,0.146712,2873,3290,18.153170400000818
