landmark_selection,avg_CT,avg_SS,avg_RS,lm_dists_CT
planar,1.365764,8457,9404,381.84608300000036
random,0.824056,7506,8356,110.39500580000094
farthest,1.919941,11998,13196,162.7768304000001
