landmark_selection,avg_CT,avg_SS,avg_RS,lm_dists_CT
planar,4.621322,17538,19352,762.2073536000007
random,5.397077,21495,23533,200.75953759999902
farthest,12.252469,30191,32901,284.0302456999998
