nb_landmark,avg_CT,avg_SS,avg_RS,lm_dists_CT
16,0.000162,15,25,0.05804499999976542
1,0.000213,37,50,0.00463099999979022
2,0.000166,27,39,0.007133000000976608
4,0.000179,21,32,0.017353600000205915
32,0.00016,15,24,0.09048579999944195
8,0.000185,16,25,0.03714140000010957
