nb_landmark,avg_CT,avg_SS,avg_RS,lm_dists_CT
16,0.001093,141,171,0.48612299999876996
1,0.001374,301,342,0.0392587000005733
2,0.001325,245,284,0.06281699999999546
4,0.00094,167,199,0.09826369999973394
32,0.001818,146,177,6.276116299999558
8,0.000955,141,170,0.2935897000006662
