priority,avg_CT,avg_SS,avg_RS
fib,0.444111,2524,2889
bin,0.018046,2524,2889
list,0.069997,2524,2889
