priority,avg_CT,avg_SS,avg_RS
fib,455.481851,111252,121868
bin,37.968187,111252,121868
list,354.756178,111252,121868
