priority,avg_CT,avg_SS,avg_RS
fib,1115.753716,217380,238574
bin,115.539912,217380,238574
list,1171.836331,217380,238574
