nb_landmark,avg_CT,avg_SS,avg_rel,lm_dists_CT
1,0.0002,36,51,0.043003
2,0.0001,24,35,0.068995
4,0.0001,15,23,0.165015
8,0.0002,18,29,0.27399
16,0.0002,22,32,0.464999
32,0.0002,19,30,0.81201
