nb_landmark,avg_CT,avg_SS,avg_rel,lm_dists_CT
1,0.000301,46,60,0.066
2,0.00015,27,38,0.121902
4,0.000226,19,29,0.27202
8,0.00015,14,23,0.414449
16,0.000225,16,24,0.666015
32,0.00015,14,21,1.086352
