nb_landmark,avg_CT,avg_SS,avg_RS,lm_dists_CT
16,0.000234,30,42,0.121854800000051
1,0.000149,29,43,0.0029809000000113883
2,0.000115,24,34,0.00483889999998155
4,0.000148,28,40,0.010541100000011738
32,0.000194,14,25,0.2511853999999971
8,8.1e-05,12,18,0.02372510000003558
