nb_landmark,avg_CT,avg_SS,avg_rel,lm_dists_CT
1,0.000317,43,59,0.06953879999998946
2,0.000351,26,37,0.10607249999999624
4,0.00012,12,19,0.28971510000000933
8,0.000105,12,18,0.49383749999999793
16,0.000244,17,25,1.0174516000000011
32,0.000157,12,20,1.2155047999999908
