nb_landmark,avg_CT,avg_SS,avg_rel,lm_dists_CT
1,0.000527,58,74,0.049269
2,0.00015,23,34,0.0913
4,0.000225,17,27,0.269986
8,0.00015,13,20,0.593303
16,0.0003,13,22,1.045596
32,0.0003,12,22,1.179578
