nb_landmark,avg_CT,avg_SS,avg_RS,lm_dists_CT
16,0.000128,16,25,0.05936980000115
1,0.000163,34,47,0.0026001000005635433
2,0.000174,31,43,0.00602680000156397
4,0.000141,24,35,0.011479500000859844
32,0.000181,17,27,0.1703032000004896
8,0.000231,27,38,0.03747959999964223
