nb_landmark,avg_CT,avg_SS,avg_rel,lm_dists_CT
1,0.0003,41,56,0.060001
2,0.00015,32,45,0.113249
4,0.0003,37,49,0.319844
8,0.000225,25,35,0.495306
16,0.000227,17,28,0.719015
32,0.00015,15,22,1.277315
