nb_landmark,avg_CT,avg_SS,avg_rel,lm_dists_CT
16,25,0.381591400000616,0.000118,16
1,48,0.02922769999713637,0.000146,35
2,39,0.06146150000131456,0.000143,28
4,35,0.1389167000015732,0.000122,24
32,24,0.7454458000065642,0.000142,15
8,28,0.20246530000440544,0.000126,18
