nb_landmark,avg_CT,avg_SS,avg_RS,lm_dists_CT
16,0.001284,152,190,0.45616979999999785
1,0.000978,210,244,0.02330920000002834
2,0.001416,327,376,0.04975619999999026
4,0.001404,271,313,0.08104950000000599
32,0.000983,76,100,1.470673799999986
8,0.000912,150,187,0.21904029999996055
