nb_landmark,avg_CT,avg_SS,avg_rel,lm_dists_CT
1,0.002941,450,499,2.3704198999999875
2,0.001873,234,278,4.510171799999995
4,0.002362,298,349,9.861687200000006
8,0.000515,63,84,19.593973500000004
16,0.001595,174,211,35.7602431
32,0.003045,167,202,72.68971829999998
