nb_landmark,avg_CT,avg_SS,avg_RS,lm_dists_CT
16,0.001107,131,161,0.42584569999962696
1,0.001589,311,354,0.025587000000086846
2,0.000843,178,211,0.038134500002342975
4,0.000907,180,216,0.07352910000190604
32,0.001166,107,133,1.2772918000009668
8,0.000854,140,172,0.19754440000178874
