nb_landmark,avg_CT,avg_SS,avg_rel,lm_dists_CT
1,0.0015,234,272,3.066375
2,0.0021,171,208,6.053137
4,0.0012,141,175,11.065198
8,0.001351,91,120,28.51824
16,0.001691,121,150,42.099966
32,0.002027,109,137,80.449901
