nb_landmark,avg_CT,avg_SS,avg_rel,lm_dists_CT
1,0.003451,412,468,2.522288
2,0.001204,160,191,5.197512
4,0.001425,184,216,10.717153
8,0.001275,111,136,23.019618
16,0.001574,96,124,41.603116
32,0.003376,198,229,76.290315
