nb_landmark,avg_CT,avg_SS,avg_rel,lm_dists_CT
1,0.00225,242,276,2.687372
2,0.002026,222,257,6.332632
4,0.000975,100,129,11.607416
8,0.0015,142,179,39.832925
16,0.001785,147,186,50.094496
32,0.003,144,179,91.171995
