nb_landmark,avg_CT,avg_SS,avg_rel,lm_dists_CT
16,155,21.575713300000643,0.001,125
1,331,1.3476671000025817,0.001332,288
2,278,2.987478999995801,0.001161,239
4,179,5.89160560000164,0.000782,148
32,159,39.44038580000051,0.001354,129
8,156,12.880734099999245,0.000997,127
