nb_landmark,avg_CT,avg_SS,avg_rel,lm_dists_CT
1,0.0005,147,172,1.376985
2,0.0009,167,197,2.815002
4,0.0012,200,242,6.042001
8,0.0006,98,129,11.787449
16,0.000901,116,141,22.704001
32,0.001504,145,169,44.301829
