nb_landmark,avg_CT,avg_SS,avg_RS,lm_dists_CT
16,0.006082,412,516,2.2243115999999645
1,0.00635,981,1152,0.0880673999999999
2,0.006009,788,932,0.19382450000000517
4,0.001517,226,290,0.40876030000003993
32,0.00947,555,696,6.193391399999996
8,0.003636,493,600,0.8578774000000067
