nb_landmark,avg_CT,avg_SS,avg_RS,lm_dists_CT
16,0.003344,350,445,2.404330100000152
1,0.00719,1052,1221,0.20966570000018692
2,0.003913,603,727,0.3164883000008558
4,0.0033,431,540,2.2528072000004613
32,0.014137,308,397,5.136774099999457
8,0.003383,368,466,1.5579299000000901
