nb_landmark,avg_CT,avg_SS,avg_RS,lm_dists_CT
16,0.004134,423,525,2.1473688000005495
1,0.009556,1169,1349,0.09928699999727542
2,0.00479,875,1026,0.1958463999981177
4,0.003631,542,670,5.641141100000823
32,0.006527,389,488,6.05124860000069
8,0.004159,553,675,1.868204099999275
