nb_landmark,avg_CT,avg_SS,avg_RS,lm_dists_CT
16,0.064871,3264,3738,15.082482200000015
1,0.093284,6440,7117,0.5206361999999558
2,0.087953,4701,5241,2.321317599999986
4,0.042329,3037,3411,2.1748982000000296
32,0.062089,1675,1910,39.51815959999999
8,0.090063,3536,4043,7.200210700000014
