nb_landmark,avg_CT,avg_SS,avg_RS,lm_dists_CT
16,0.138179,2959,3361,14.092336699999578
1,0.283257,5600,6201,0.4732395999999426
2,0.123888,4434,4967,1.005571499998041
4,0.069748,2861,3253,3.988136599997233
32,0.191785,2562,2938,41.62855480000144
8,0.106563,2186,2540,5.337432599997555
