nb_landmark,avg_CT,avg_SS,avg_RS,lm_dists_CT
16,0.06433,2038,2362,22.023286800000278
1,0.306599,5565,6164,3.9562461000004987
2,0.140886,3717,4178,3.9680162999993627
4,0.043135,2588,2961,9.677953799999159
32,0.112395,1765,2062,42.074983799999245
8,0.05296,2289,2634,14.154098299999532
