nb_landmark,avg_CT,avg_SS,avg_RS,lm_dists_CT
16,1.061622,21103,23002,136.09634869999996
1,3.281797,58071,62385,7.221218799999974
2,1.271016,34877,37810,13.887266999999952
4,0.890196,23409,25441,27.78064889999996
32,0.818697,13106,14289,375.31856359999995
8,1.518669,15502,16848,60.33067760000006
