nb_landmark,avg_CT,avg_SS,avg_RS,lm_dists_CT
16,4.51444,16616,18112,142.58688299999994
1,11.424256,49184,52873,4.707937500003027
2,9.418594,31169,33606,10.038158300001669
4,2.365739,16123,17552,28.39466370000082
32,5.075652,15755,17226,359.426346799999
8,2.944043,15937,17464,60.960996100002376
