nb_landmark,avg_CT,avg_SS,avg_RS,lm_dists_CT
16,1.415511,9083,10051,344.10427379999965
1,15.829406,56850,60930,14.334372699999221
2,4.089302,27548,29808,54.17224870000064
4,1.597119,15408,16872,111.55104930000016
32,1.066986,6232,6995,629.7091963999992
8,1.349941,12522,13761,200.03729609999937
