nb_landmark,avg_CT,avg_SS,avg_RS,lm_dists_CT
16,2.461885,14076,15640,674.4388325
1,35.456507,94855,101703,40.513852100000804
2,15.649168,56535,60923,184.6363175000006
4,6.019145,29914,32573,275.55761469999925
32,3.667734,10376,11632,1307.6929318000002
8,3.563553,22068,24214,469.5251809000001
