nb_landmark,avg_CT,avg_SS,avg_RS,lm_dists_CT
16,6.285809,32609,35458,264.41821730000083
1,24.065107,101463,108335,16.14416219999839
2,10.234324,55937,60315,32.81176649999907
4,2.186642,25068,27389,54.459632000001875
32,11.37537,30428,33007,753.8398385
8,3.143348,26224,28580,130.36325880000004
