nb_landmark,avg_CT,avg_SS,avg_RS,lm_dists_CT
16,2.086034,31543,34138,288.05901400000016
1,5.716773,120774,128766,9.79468810000003
2,1.123774,38134,41087,27.659134699999868
4,0.370095,15599,17268,50.14832780000006
32,3.135767,23276,25498,835.0871212999998
8,2.163833,43576,46833,122.95760139999993
