{
    "1_ULB": {
        "nb_nodes": 149,
        "nb_edges": 349,
        "avg_deg": 2.34,
        "stats": {
            "1": {
                "avg_CT": 0.000301,
                "avg_SS": 46,
                "avg_rel": 60,
                "lm_dists_CT": 0.066
            },
            "2": {
                "avg_CT": 0.00015,
                "avg_SS": 27,
                "avg_rel": 38,
                "lm_dists_CT": 0.121902
            },
            "4": {
                "avg_CT": 0.000226,
                "avg_SS": 19,
                "avg_rel": 29,
                "lm_dists_CT": 0.27202
            },
            "8": {
                "avg_CT": 0.00015,
                "avg_SS": 14,
                "avg_rel": 23,
                "lm_dists_CT": 0.414449
            },
            "16": {
                "avg_CT": 0.000225,
                "avg_SS": 16,
                "avg_rel": 24,
                "lm_dists_CT": 0.666015
            },
            "32": {
                "avg_CT": 0.00015,
                "avg_SS": 14,
                "avg_rel": 21,
                "lm_dists_CT": 1.086352
            }
        }
    },
    "2_Bruxelles": {
        "nb_nodes": 1115,
        "nb_edges": 1960,
        "avg_deg": 1.76,
        "stats": {
            "1": {
                "avg_CT": 0.0015,
                "avg_SS": 234,
                "avg_rel": 272,
                "lm_dists_CT": 3.066375
            },
            "2": {
                "avg_CT": 0.0021,
                "avg_SS": 171,
                "avg_rel": 208,
                "lm_dists_CT": 6.053137
            },
            "4": {
                "avg_CT": 0.0012,
                "avg_SS": 141,
                "avg_rel": 175,
                "lm_dists_CT": 11.065198
            },
            "8": {
                "avg_CT": 0.001351,
                "avg_SS": 91,
                "avg_rel": 120,
                "lm_dists_CT": 28.51824
            },
            "16": {
                "avg_CT": 0.001691,
                "avg_SS": 121,
                "avg_rel": 150,
                "lm_dists_CT": 42.099966
            },
            "32": {
                "avg_CT": 0.002027,
                "avg_SS": 109,
                "avg_rel": 137,
                "lm_dists_CT": 80.449901
            }
        }
    }
}