{
    "5_Belgique_centre": {
        "nb_edges": 466262,
        "nb_nodes": 213888,
        "avg_deg": 2.18,
        "stats": {
            "16": {
                "avg_CT": 1.061622,
                "lm_dists_CT": 136.09634869999996,
                "avg_SS": 21103,
                "avg_RS": 23002
            },
            "1": {
                "avg_CT": 3.281797,
                "lm_dists_CT": 7.221218799999974,
                "avg_SS": 58071,
                "avg_RS": 62385
            },
            "2": {
                "avg_CT": 1.271016,
                "lm_dists_CT": 13.887266999999952,
                "avg_SS": 34877,
                "avg_RS": 37810
            },
            "4": {
                "avg_CT": 0.890196,
                "lm_dists_CT": 27.78064889999996,
                "avg_SS": 23409,
                "avg_RS": 25441
            },
            "32": {
                "avg_CT": 0.818697,
                "lm_dists_CT": 375.31856359999995,
                "avg_SS": 13106,
                "avg_RS": 14289
            },
            "8": {
                "avg_CT": 1.518669,
                "lm_dists_CT": 60.33067760000006,
                "avg_SS": 15502,
                "avg_RS": 16848
            }
        }
    },
    "6_Belgique": {
        "nb_edges": 871716,
        "nb_nodes": 395301,
        "avg_deg": 2.21,
        "stats": {
            "16": {
                "avg_CT": 2.086034,
                "lm_dists_CT": 288.05901400000016,
                "avg_SS": 31543,
                "avg_RS": 34138
            },
            "1": {
                "avg_CT": 5.716773,
                "lm_dists_CT": 9.79468810000003,
                "avg_SS": 120774,
                "avg_RS": 128766
            },
            "2": {
                "avg_CT": 1.123774,
                "lm_dists_CT": 27.659134699999868,
                "avg_SS": 38134,
                "avg_RS": 41087
            },
            "4": {
                "avg_CT": 0.370095,
                "lm_dists_CT": 50.14832780000006,
                "avg_SS": 15599,
                "avg_RS": 17268
            },
            "32": {
                "avg_CT": 3.135767,
                "lm_dists_CT": 835.0871212999998,
                "avg_SS": 23276,
                "avg_RS": 25498
            },
            "8": {
                "avg_CT": 2.163833,
                "lm_dists_CT": 122.95760139999993,
                "avg_SS": 43576,
                "avg_RS": 46833
            }
        }
    },
    "2_Bruxelles": {
        "nb_edges": 1960,
        "nb_nodes": 1115,
        "avg_deg": 1.76,
        "stats": {
            "16": {
                "avg_CT": 0.001284,
                "lm_dists_CT": 0.45616979999999785,
                "avg_SS": 152,
                "avg_RS": 190
            },
            "1": {
                "avg_CT": 0.000978,
                "lm_dists_CT": 0.02330920000002834,
                "avg_SS": 210,
                "avg_RS": 244
            },
            "2": {
                "avg_CT": 0.001416,
                "lm_dists_CT": 0.04975619999999026,
                "avg_SS": 327,
                "avg_RS": 376
            },
            "4": {
                "avg_CT": 0.001404,
                "lm_dists_CT": 0.08104950000000599,
                "avg_SS": 271,
                "avg_RS": 313
            },
            "32": {
                "avg_CT": 0.000983,
                "lm_dists_CT": 1.470673799999986,
                "avg_SS": 76,
                "avg_RS": 100
            },
            "8": {
                "avg_CT": 0.000912,
                "lm_dists_CT": 0.21904029999996055,
                "avg_SS": 150,
                "avg_RS": 187
            }
        }
    },
    "3_Bruxelles_Capitale_centre": {
        "nb_edges": 9892,
        "nb_nodes": 4755,
        "avg_deg": 2.08,
        "stats": {
            "16": {
                "avg_CT": 0.006082,
                "lm_dists_CT": 2.2243115999999645,
                "avg_SS": 412,
                "avg_RS": 516
            },
            "1": {
                "avg_CT": 0.00635,
                "lm_dists_CT": 0.0880673999999999,
                "avg_SS": 981,
                "avg_RS": 1152
            },
            "2": {
                "avg_CT": 0.006009,
                "lm_dists_CT": 0.19382450000000517,
                "avg_SS": 788,
                "avg_RS": 932
            },
            "4": {
                "avg_CT": 0.001517,
                "lm_dists_CT": 0.40876030000003993,
                "avg_SS": 226,
                "avg_RS": 290
            },
            "32": {
                "avg_CT": 0.00947,
                "lm_dists_CT": 6.193391399999996,
                "avg_SS": 555,
                "avg_RS": 696
            },
            "8": {
                "avg_CT": 0.003636,
                "lm_dists_CT": 0.8578774000000067,
                "avg_SS": 493,
                "avg_RS": 600
            }
        }
    },
    "4_Bruxelles_Capitale": {
        "nb_edges": 54392,
        "nb_nodes": 25448,
        "avg_deg": 2.14,
        "stats": {
            "16": {
                "avg_CT": 0.064871,
                "lm_dists_CT": 15.082482200000015,
                "avg_SS": 3264,
                "avg_RS": 3738
            },
            "1": {
                "avg_CT": 0.093284,
                "lm_dists_CT": 0.5206361999999558,
                "avg_SS": 6440,
                "avg_RS": 7117
            },
            "2": {
                "avg_CT": 0.087953,
                "lm_dists_CT": 2.321317599999986,
                "avg_SS": 4701,
                "avg_RS": 5241
            },
            "4": {
                "avg_CT": 0.042329,
                "lm_dists_CT": 2.1748982000000296,
                "avg_SS": 3037,
                "avg_RS": 3411
            },
            "32": {
                "avg_CT": 0.062089,
                "lm_dists_CT": 39.51815959999999,
                "avg_SS": 1675,
                "avg_RS": 1910
            },
            "8": {
                "avg_CT": 0.090063,
                "lm_dists_CT": 7.200210700000014,
                "avg_SS": 3536,
                "avg_RS": 4043
            }
        }
    },
    "1_ULB": {
        "nb_edges": 349,
        "nb_nodes": 149,
        "avg_deg": 2.34,
        "stats": {
            "16": {
                "avg_CT": 0.000234,
                "lm_dists_CT": 0.121854800000051,
                "avg_SS": 30,
                "avg_RS": 42
            },
            "1": {
                "avg_CT": 0.000149,
                "lm_dists_CT": 0.0029809000000113883,
                "avg_SS": 29,
                "avg_RS": 43
            },
            "2": {
                "avg_CT": 0.000115,
                "lm_dists_CT": 0.00483889999998155,
                "avg_SS": 24,
                "avg_RS": 34
            },
            "4": {
                "avg_CT": 0.000148,
                "lm_dists_CT": 0.010541100000011738,
                "avg_SS": 28,
                "avg_RS": 40
            },
            "32": {
                "avg_CT": 0.000194,
                "lm_dists_CT": 0.2511853999999971,
                "avg_SS": 14,
                "avg_RS": 25
            },
            "8": {
                "avg_CT": 8.1e-05,
                "lm_dists_CT": 0.02372510000003558,
                "avg_SS": 12,
                "avg_RS": 18
            }
        }
    }
}