{
    "3_Bruxelles_Capitale_centre": {
        "stats": {
            "16": {
                "avg_RS": 445,
                "lm_dists_CT": 2.404330100000152,
                "avg_CT": 0.003344,
                "avg_SS": 350
            },
            "1": {
                "avg_RS": 1221,
                "lm_dists_CT": 0.20966570000018692,
                "avg_CT": 0.00719,
                "avg_SS": 1052
            },
            "2": {
                "avg_RS": 727,
                "lm_dists_CT": 0.3164883000008558,
                "avg_CT": 0.003913,
                "avg_SS": 603
            },
            "4": {
                "avg_RS": 540,
                "lm_dists_CT": 2.2528072000004613,
                "avg_CT": 0.0033,
                "avg_SS": 431
            },
            "32": {
                "avg_RS": 397,
                "lm_dists_CT": 5.136774099999457,
                "avg_CT": 0.014137,
                "avg_SS": 308
            },
            "8": {
                "avg_RS": 466,
                "lm_dists_CT": 1.5579299000000901,
                "avg_CT": 0.003383,
                "avg_SS": 368
            }
        },
        "nb_edges": 9892,
        "avg_deg": 2.08,
        "nb_nodes": 4755
    },
    "2_Bruxelles": {
        "stats": {
            "16": {
                "avg_RS": 171,
                "lm_dists_CT": 0.48612299999876996,
                "avg_CT": 0.001093,
                "avg_SS": 141
            },
            "1": {
                "avg_RS": 342,
                "lm_dists_CT": 0.0392587000005733,
                "avg_CT": 0.001374,
                "avg_SS": 301
            },
            "2": {
                "avg_RS": 284,
                "lm_dists_CT": 0.06281699999999546,
                "avg_CT": 0.001325,
                "avg_SS": 245
            },
            "4": {
                "avg_RS": 199,
                "lm_dists_CT": 0.09826369999973394,
                "avg_CT": 0.00094,
                "avg_SS": 167
            },
            "32": {
                "avg_RS": 177,
                "lm_dists_CT": 6.276116299999558,
                "avg_CT": 0.001818,
                "avg_SS": 146
            },
            "8": {
                "avg_RS": 170,
                "lm_dists_CT": 0.2935897000006662,
                "avg_CT": 0.000955,
                "avg_SS": 141
            }
        },
        "nb_edges": 1960,
        "avg_deg": 1.76,
        "nb_nodes": 1115
    },
    "6_Belgique": {
        "stats": {
            "16": {
                "avg_RS": 15640,
                "lm_dists_CT": 674.4388325,
                "avg_CT": 2.461885,
                "avg_SS": 14076
            },
            "1": {
                "avg_RS": 101703,
                "lm_dists_CT": 40.513852100000804,
                "avg_CT": 35.456507,
                "avg_SS": 94855
            },
            "2": {
                "avg_RS": 60923,
                "lm_dists_CT": 184.6363175000006,
                "avg_CT": 15.649168,
                "avg_SS": 56535
            },
            "4": {
                "avg_RS": 32573,
                "lm_dists_CT": 275.55761469999925,
                "avg_CT": 6.019145,
                "avg_SS": 29914
            },
            "32": {
                "avg_RS": 11632,
                "lm_dists_CT": 1307.6929318000002,
                "avg_CT": 3.667734,
                "avg_SS": 10376
            },
            "8": {
                "avg_RS": 24214,
                "lm_dists_CT": 469.5251809000001,
                "avg_CT": 3.563553,
                "avg_SS": 22068
            }
        },
        "nb_edges": 871716,
        "avg_deg": 2.21,
        "nb_nodes": 395301
    },
    "5_Belgique_centre": {
        "stats": {
            "16": {
                "avg_RS": 10051,
                "lm_dists_CT": 344.10427379999965,
                "avg_CT": 1.415511,
                "avg_SS": 9083
            },
            "1": {
                "avg_RS": 60930,
                "lm_dists_CT": 14.334372699999221,
                "avg_CT": 15.829406,
                "avg_SS": 56850
            },
            "2": {
                "avg_RS": 29808,
                "lm_dists_CT": 54.17224870000064,
                "avg_CT": 4.089302,
                "avg_SS": 27548
            },
            "4": {
                "avg_RS": 16872,
                "lm_dists_CT": 111.55104930000016,
                "avg_CT": 1.597119,
                "avg_SS": 15408
            },
            "32": {
                "avg_RS": 6995,
                "lm_dists_CT": 629.7091963999992,
                "avg_CT": 1.066986,
                "avg_SS": 6232
            },
            "8": {
                "avg_RS": 13761,
                "lm_dists_CT": 200.03729609999937,
                "avg_CT": 1.349941,
                "avg_SS": 12522
            }
        },
        "nb_edges": 466262,
        "avg_deg": 2.18,
        "nb_nodes": 213888
    },
    "1_ULB": {
        "stats": {
            "16": {
                "avg_RS": 25,
                "lm_dists_CT": 0.05804499999976542,
                "avg_CT": 0.000162,
                "avg_SS": 15
            },
            "1": {
                "avg_RS": 50,
                "lm_dists_CT": 0.00463099999979022,
                "avg_CT": 0.000213,
                "avg_SS": 37
            },
            "2": {
                "avg_RS": 39,
                "lm_dists_CT": 0.007133000000976608,
                "avg_CT": 0.000166,
                "avg_SS": 27
            },
            "4": {
                "avg_RS": 32,
                "lm_dists_CT": 0.017353600000205915,
                "avg_CT": 0.000179,
                "avg_SS": 21
            },
            "32": {
                "avg_RS": 24,
                "lm_dists_CT": 0.09048579999944195,
                "avg_CT": 0.00016,
                "avg_SS": 15
            },
            "8": {
                "avg_RS": 25,
                "lm_dists_CT": 0.03714140000010957,
                "avg_CT": 0.000185,
                "avg_SS": 16
            }
        },
        "nb_edges": 349,
        "avg_deg": 2.34,
        "nb_nodes": 149
    },
    "4_Bruxelles_Capitale": {
        "stats": {
            "16": {
                "avg_RS": 2362,
                "lm_dists_CT": 22.023286800000278,
                "avg_CT": 0.06433,
                "avg_SS": 2038
            },
            "1": {
                "avg_RS": 6164,
                "lm_dists_CT": 3.9562461000004987,
                "avg_CT": 0.306599,
                "avg_SS": 5565
            },
            "2": {
                "avg_RS": 4178,
                "lm_dists_CT": 3.9680162999993627,
                "avg_CT": 0.140886,
                "avg_SS": 3717
            },
            "4": {
                "avg_RS": 2961,
                "lm_dists_CT": 9.677953799999159,
                "avg_CT": 0.043135,
                "avg_SS": 2588
            },
            "32": {
                "avg_RS": 2062,
                "lm_dists_CT": 42.074983799999245,
                "avg_CT": 0.112395,
                "avg_SS": 1765
            },
            "8": {
                "avg_RS": 2634,
                "lm_dists_CT": 14.154098299999532,
                "avg_CT": 0.05296,
                "avg_SS": 2289
            }
        },
        "nb_edges": 54392,
        "avg_deg": 2.14,
        "nb_nodes": 25448
    }
}