{
    "2_Bruxelles": {
        "nb_nodes": 1115,
        "nb_edges": 1960,
        "stats": {
            "16": {
                "lm_dists_CT": 0.42584569999962696,
                "avg_RS": 161,
                "avg_SS": 131,
                "avg_CT": 0.001107
            },
            "1": {
                "lm_dists_CT": 0.025587000000086846,
                "avg_RS": 354,
                "avg_SS": 311,
                "avg_CT": 0.001589
            },
            "2": {
                "lm_dists_CT": 0.038134500002342975,
                "avg_RS": 211,
                "avg_SS": 178,
                "avg_CT": 0.000843
            },
            "4": {
                "lm_dists_CT": 0.07352910000190604,
                "avg_RS": 216,
                "avg_SS": 180,
                "avg_CT": 0.000907
            },
            "32": {
                "lm_dists_CT": 1.2772918000009668,
                "avg_RS": 133,
                "avg_SS": 107,
                "avg_CT": 0.001166
            },
            "8": {
                "lm_dists_CT": 0.19754440000178874,
                "avg_RS": 172,
                "avg_SS": 140,
                "avg_CT": 0.000854
            }
        },
        "avg_deg": 1.76
    },
    "1_ULB": {
        "nb_nodes": 149,
        "nb_edges": 349,
        "stats": {
            "16": {
                "lm_dists_CT": 0.05936980000115,
                "avg_RS": 25,
                "avg_SS": 16,
                "avg_CT": 0.000128
            },
            "1": {
                "lm_dists_CT": 0.0026001000005635433,
                "avg_RS": 47,
                "avg_SS": 34,
                "avg_CT": 0.000163
            },
            "2": {
                "lm_dists_CT": 0.00602680000156397,
                "avg_RS": 43,
                "avg_SS": 31,
                "avg_CT": 0.000174
            },
            "4": {
                "lm_dists_CT": 0.011479500000859844,
                "avg_RS": 35,
                "avg_SS": 24,
                "avg_CT": 0.000141
            },
            "32": {
                "lm_dists_CT": 0.1703032000004896,
                "avg_RS": 27,
                "avg_SS": 17,
                "avg_CT": 0.000181
            },
            "8": {
                "lm_dists_CT": 0.03747959999964223,
                "avg_RS": 38,
                "avg_SS": 27,
                "avg_CT": 0.000231
            }
        },
        "avg_deg": 2.34
    },
    "3_Bruxelles_Capitale_centre": {
        "nb_nodes": 4755,
        "nb_edges": 9892,
        "stats": {
            "16": {
                "lm_dists_CT": 2.1473688000005495,
                "avg_RS": 525,
                "avg_SS": 423,
                "avg_CT": 0.004134
            },
            "1": {
                "lm_dists_CT": 0.09928699999727542,
                "avg_RS": 1349,
                "avg_SS": 1169,
                "avg_CT": 0.009556
            },
            "2": {
                "lm_dists_CT": 0.1958463999981177,
                "avg_RS": 1026,
                "avg_SS": 875,
                "avg_CT": 0.00479
            },
            "4": {
                "lm_dists_CT": 5.641141100000823,
                "avg_RS": 670,
                "avg_SS": 542,
                "avg_CT": 0.003631
            },
            "32": {
                "lm_dists_CT": 6.05124860000069,
                "avg_RS": 488,
                "avg_SS": 389,
                "avg_CT": 0.006527
            },
            "8": {
                "lm_dists_CT": 1.868204099999275,
                "avg_RS": 675,
                "avg_SS": 553,
                "avg_CT": 0.004159
            }
        },
        "avg_deg": 2.08
    },
    "4_Bruxelles_Capitale": {
        "nb_nodes": 25448,
        "nb_edges": 54392,
        "stats": {
            "16": {
                "lm_dists_CT": 14.092336699999578,
                "avg_RS": 3361,
                "avg_SS": 2959,
                "avg_CT": 0.138179
            },
            "1": {
                "lm_dists_CT": 0.4732395999999426,
                "avg_RS": 6201,
                "avg_SS": 5600,
                "avg_CT": 0.283257
            },
            "2": {
                "lm_dists_CT": 1.005571499998041,
                "avg_RS": 4967,
                "avg_SS": 4434,
                "avg_CT": 0.123888
            },
            "4": {
                "lm_dists_CT": 3.988136599997233,
                "avg_RS": 3253,
                "avg_SS": 2861,
                "avg_CT": 0.069748
            },
            "32": {
                "lm_dists_CT": 41.62855480000144,
                "avg_RS": 2938,
                "avg_SS": 2562,
                "avg_CT": 0.191785
            },
            "8": {
                "lm_dists_CT": 5.337432599997555,
                "avg_RS": 2540,
                "avg_SS": 2186,
                "avg_CT": 0.106563
            }
        },
        "avg_deg": 2.14
    },
    "5_Belgique_centre": {
        "nb_nodes": 213888,
        "nb_edges": 466262,
        "stats": {
            "16": {
                "lm_dists_CT": 142.58688299999994,
                "avg_RS": 18112,
                "avg_SS": 16616,
                "avg_CT": 4.51444
            },
            "1": {
                "lm_dists_CT": 4.707937500003027,
                "avg_RS": 52873,
                "avg_SS": 49184,
                "avg_CT": 11.424256
            },
            "2": {
                "lm_dists_CT": 10.038158300001669,
                "avg_RS": 33606,
                "avg_SS": 31169,
                "avg_CT": 9.418594
            },
            "4": {
                "lm_dists_CT": 28.39466370000082,
                "avg_RS": 17552,
                "avg_SS": 16123,
                "avg_CT": 2.365739
            },
            "32": {
                "lm_dists_CT": 359.426346799999,
                "avg_RS": 17226,
                "avg_SS": 15755,
                "avg_CT": 5.075652
            },
            "8": {
                "lm_dists_CT": 60.960996100002376,
                "avg_RS": 17464,
                "avg_SS": 15937,
                "avg_CT": 2.944043
            }
        },
        "avg_deg": 2.18
    },
    "6_Belgique": {
        "nb_nodes": 395301,
        "nb_edges": 871716,
        "stats": {
            "16": {
                "lm_dists_CT": 264.41821730000083,
                "avg_RS": 35458,
                "avg_SS": 32609,
                "avg_CT": 6.285809
            },
            "1": {
                "lm_dists_CT": 16.14416219999839,
                "avg_RS": 108335,
                "avg_SS": 101463,
                "avg_CT": 24.065107
            },
            "2": {
                "lm_dists_CT": 32.81176649999907,
                "avg_RS": 60315,
                "avg_SS": 55937,
                "avg_CT": 10.234324
            },
            "4": {
                "lm_dists_CT": 54.459632000001875,
                "avg_RS": 27389,
                "avg_SS": 25068,
                "avg_CT": 2.186642
            },
            "32": {
                "lm_dists_CT": 753.8398385,
                "avg_RS": 33007,
                "avg_SS": 30428,
                "avg_CT": 11.37537
            },
            "8": {
                "lm_dists_CT": 130.36325880000004,
                "avg_RS": 28580,
                "avg_SS": 26224,
                "avg_CT": 3.143348
            }
        },
        "avg_deg": 2.21
    }
}