{
    "1_ULB": {
        "nb_nodes": 149,
        "nb_edges": 349,
        "avg_deg": 2.34,
        "stats": {
            "1": {
                "avg_CT": 0.000527,
                "avg_SS": 58,
                "avg_rel": 74,
                "lm_dists_CT": 0.049269
            },
            "2": {
                "avg_CT": 0.00015,
                "avg_SS": 23,
                "avg_rel": 34,
                "lm_dists_CT": 0.0913
            },
            "4": {
                "avg_CT": 0.000225,
                "avg_SS": 17,
                "avg_rel": 27,
                "lm_dists_CT": 0.269986
            },
            "8": {
                "avg_CT": 0.00015,
                "avg_SS": 13,
                "avg_rel": 20,
                "lm_dists_CT": 0.593303
            },
            "16": {
                "avg_CT": 0.0003,
                "avg_SS": 13,
                "avg_rel": 22,
                "lm_dists_CT": 1.045596
            },
            "32": {
                "avg_CT": 0.0003,
                "avg_SS": 12,
                "avg_rel": 22,
                "lm_dists_CT": 1.179578
            }
        }
    },
    "2_Bruxelles": {
        "nb_nodes": 1115,
        "nb_edges": 1960,
        "avg_deg": 1.76,
        "stats": {
            "1": {
                "avg_CT": 0.00225,
                "avg_SS": 242,
                "avg_rel": 276,
                "lm_dists_CT": 2.687372
            },
            "2": {
                "avg_CT": 0.002026,
                "avg_SS": 222,
                "avg_rel": 257,
                "lm_dists_CT": 6.332632
            },
            "4": {
                "avg_CT": 0.000975,
                "avg_SS": 100,
                "avg_rel": 129,
                "lm_dists_CT": 11.607416
            },
            "8": {
                "avg_CT": 0.0015,
                "avg_SS": 142,
                "avg_rel": 179,
                "lm_dists_CT": 39.832925
            },
            "16": {
                "avg_CT": 0.001785,
                "avg_SS": 147,
                "avg_rel": 186,
                "lm_dists_CT": 50.094496
            },
            "32": {
                "avg_CT": 0.003,
                "avg_SS": 144,
                "avg_rel": 179,
                "lm_dists_CT": 91.171995
            }
        }
    }
}