algo,avg_QT,avg_SS,avg_RS,lm_dists_CT,nb_villo_stations
Dijkstra,0.017365,1156.82,1337.37,0,113
ALT,0.007858,281.43,339.39,1.088640600002691,113
