algo,avg_QT,avg_SS,avg_RS,lm_dists_CT,nb_villo_stations
Dijkstra,0.305251,5049.11,5950.3,0,262
ALT,0.102153,709.26,899.1,5.87737670000206,262
