algo,avg_CT,avg_SS,avg_RS,lm_dists_CT
Dijkstra,0.0002612,75.35,92.77,0
BidiDijkstra,0.0002118,43.6,63.16,0
ALT,0.0001336,14.6,23.37,0.061751000001095235
A*,0.0004195,74.82,92.4,0
BidiAstar,0.0003098,43.26,62.7,0
BidiALT,0.0001917,18.4,31.98,0.061751000001095235
