algo,avg_CT,avg_SS,avg_RS,lm_dists_CT
Dijkstra,0.0910865,2557.48,2927.23,0
BidiDijkstra,0.0851865,1728.7,2083.41,0
ALT,0.0350429,362.8,459.72,2.642227299998922
A*,0.1563065,2536.2,2903.61,0
BidiAstar,0.1302462,1710.0,2061.94,0
BidiALT,0.020821,244.28,338.96,2.642227299998922
