algo,avg_CT,avg_SS,avg_RS,lm_dists_CT
Dijkstra,87.200175,126756.48,138858.69,0
BidiDijkstra,34.1725977,63994.06,72254.8,0
ALT,10.9586905,12054.12,13299.07,347.9836772999988
A*,118.3186087,124228.59,136098.18,0
BidiAstar,36.7677418,62237.66,70289.1,0
BidiALT,5.9053065,11825.14,13318.98,347.9836772999988
